-- Adminer 4.8.1 MySQL 5.5.5-10.3.32-MariaDB-1:10.3.32+maria~focal dump

SET NAMES utf8;
SET time_zone = '+00:00';
SET foreign_key_checks = 0;
SET sql_mode = 'NO_AUTO_VALUE_ON_ZERO';

DROP TABLE IF EXISTS `files`;
CREATE TABLE `files` (
  `id` int(11) NOT NULL,
  `type` varchar(255) NOT NULL,
  `url` varchar(255) NOT NULL,
  PRIMARY KEY (`id`)
) ENGINE=InnoDB DEFAULT CHARSET=latin1;

INSERT INTO `files` (`id`, `type`, `url`) VALUES
(1,	'PDF',	'https://example.com/docs/database-schema.pdf'),
(2,	'Image',	'https://example.com/images/ui-mockup.png'),
(3,	'Code',	'https://example.com/code/backend-api.zip');

DROP TABLE IF EXISTS `projects`;
CREATE TABLE `projects` (
  `id` int(11) NOT NULL,
  `name` varchar(255) NOT NULL,
  PRIMARY KEY (`id`)
) ENGINE=InnoDB DEFAULT CHARSET=latin1;

INSERT INTO `projects` (`id`, `name`) VALUES
(1,	'Weather Monitoring App'),
(2,	'News Portal');

DROP TABLE IF EXISTS `project_files`;
CREATE TABLE `project_files` (
  `file_id` int(11) NOT NULL,
  `project_id` int(11) NOT NULL,
  PRIMARY KEY (`file_id`,`project_id`),
  KEY `project_id` (`project_id`),
  CONSTRAINT `project_files_ibfk_1` FOREIGN KEY (`file_id`) REFERENCES `files` (`id`),
  CONSTRAINT `project_files_ibfk_2` FOREIGN KEY (`project_id`) REFERENCES `projects` (`id`)
) ENGINE=InnoDB DEFAULT CHARSET=latin1;

INSERT INTO `project_files` (`file_id`, `project_id`) VALUES
(1,	1),
(2,	1),
(3,	2);

DROP TABLE IF EXISTS `project_members`;
CREATE TABLE `project_members` (
  `user_id` int(11) NOT NULL,
  `project_id` int(11) NOT NULL,
  PRIMARY KEY (`user_id`,`project_id`),
  KEY `project_id` (`project_id`),
  CONSTRAINT `project_members_ibfk_1` FOREIGN KEY (`user_id`) REFERENCES `users` (`id`),
  CONSTRAINT `project_members_ibfk_2` FOREIGN KEY (`project_id`) REFERENCES `projects` (`id`)
) ENGINE=InnoDB DEFAULT CHARSET=latin1;

INSERT INTO `project_members` (`user_id`, `project_id`) VALUES
(1,	1),
(2,	1),
(3,	2);

DROP TABLE IF EXISTS `tasks`;
CREATE TABLE `tasks` (
  `id` int(11) NOT NULL,
  `name` varchar(255) NOT NULL,
  `author_id` int(11) NOT NULL,
  PRIMARY KEY (`id`),
  KEY `author_id` (`author_id`),
  CONSTRAINT `tasks_ibfk_1` FOREIGN KEY (`author_id`) REFERENCES `users` (`id`)
) ENGINE=InnoDB DEFAULT CHARSET=latin1;

INSERT INTO `tasks` (`id`, `name`, `author_id`) VALUES
(1,	'Design Database Schema',	1),
(2,	'Create UI Mockups',	2),
(3,	'Develop Backend API',	1);

DROP TABLE IF EXISTS `task_files`;
CREATE TABLE `task_files` (
  `file_id` int(11) NOT NULL,
  `task_id` int(11) NOT NULL,
  PRIMARY KEY (`file_id`,`task_id`),
  KEY `task_id` (`task_id`),
  CONSTRAINT `task_files_ibfk_1` FOREIGN KEY (`file_id`) REFERENCES `files` (`id`),
  CONSTRAINT `task_files_ibfk_2` FOREIGN KEY (`task_id`) REFERENCES `tasks` (`id`)
) ENGINE=InnoDB DEFAULT CHARSET=latin1;

INSERT INTO `task_files` (`file_id`, `task_id`) VALUES
(1,	1),
(2,	2),
(3,	3);

DROP TABLE IF EXISTS `task_members`;
CREATE TABLE `task_members` (
  `user_id` int(11) NOT NULL,
  `task_id` int(11) NOT NULL,
  PRIMARY KEY (`user_id`,`task_id`),
  KEY `task_id` (`task_id`),
  CONSTRAINT `task_members_ibfk_1` FOREIGN KEY (`user_id`) REFERENCES `users` (`id`),
  CONSTRAINT `task_members_ibfk_2` FOREIGN KEY (`task_id`) REFERENCES `tasks` (`id`)
) ENGINE=InnoDB DEFAULT CHARSET=latin1;

INSERT INTO `task_members` (`user_id`, `task_id`) VALUES
(1,	1),
(2,	2),
(3,	3);

DROP TABLE IF EXISTS `users`;
CREATE TABLE `users` (
  `id` int(11) NOT NULL,
  `name` varchar(255) NOT NULL,
  PRIMARY KEY (`id`)
) ENGINE=InnoDB DEFAULT CHARSET=latin1;

INSERT INTO `users` (`id`, `name`) VALUES
(1,	'Olena'),
(2,	'Andrii'),
(3,	'Kateryna');

-- 2024-10-26 20:38:29